{"cameraMode":{"drawMode":0,"name":"Shaded","section":"Shading Mode"},"sceneLighting":false,"audioPlay":false,"sceneViewState":{"showFog":true,"showMaterialUpdate":false,"showSkybox":true,"showFlares":true,"showImageEffects":true,"showParticleSystems":true},"in2DMode":false,"pivot":{"x":7.450580596923828e-9,"y":0.36000001430511477,"z":1.1859999895095826},"rotation":{"x":-0.3122575283050537,"y":0.22206740081310273,"z":-0.07532116770744324,"w":-0.920602023601532},"size":0.22863061726093293,"orthographic":false}