{"cameraMode":{"drawMode":0,"name":"Shaded","section":"Shading Mode"},"sceneLighting":false,"audioPlay":false,"sceneViewState":{"showFog":true,"showMaterialUpdate":false,"showSkybox":true,"showFlares":true,"showImageEffects":true,"showParticleSystems":true},"in2DMode":false,"pivot":{"x":0.0005452781915664673,"y":1.1080000400543213,"z":0.5799999833106995},"rotation":{"x":-0.04726655036211014,"y":-0.6672192215919495,"z":0.04250366613268852,"w":-0.7421440482139587},"size":0.5683943629264832,"orthographic":false}