{"cameraMode":{"drawMode":0,"name":"Shaded","section":"Shading Mode"},"sceneLighting":false,"audioPlay":false,"sceneViewState":{"showFog":true,"showMaterialUpdate":false,"showSkybox":true,"showFlares":true,"showImageEffects":true,"showParticleSystems":true},"in2DMode":false,"pivot":{"x":0.2936076819896698,"y":1.0638995170593262,"z":0.24476468563079835},"rotation":{"x":-0.44675225019454958,"y":-0.3490850031375885,"z":0.1948622167110443,"w":-0.8003629446029663},"size":22.0,"orthographic":false}