{"cameraMode":{"drawMode":0,"name":"Shaded","section":"Shading Mode"},"sceneLighting":false,"audioPlay":false,"sceneViewState":{"showFog":true,"showMaterialUpdate":false,"showSkybox":true,"showFlares":true,"showImageEffects":true,"showParticleSystems":true},"in2DMode":false,"pivot":{"x":-0.0012974739074707032,"y":0.16290640830993653,"z":-0.002108931541442871},"rotation":{"x":-0.3122575283050537,"y":0.22206740081310273,"z":-0.07532116770744324,"w":-0.920602023601532},"size":3.429263114929199,"orthographic":false}