{"cameraMode":{"drawMode":0,"name":"Shaded","section":"Shading Mode"},"sceneLighting":false,"audioPlay":false,"sceneViewState":{"showFog":true,"showMaterialUpdate":false,"showSkybox":true,"showFlares":true,"showImageEffects":true,"showParticleSystems":true},"in2DMode":false,"pivot":{"x":0.2936076819896698,"y":1.0638995170593262,"z":0.24476468563079835},"rotation":{"x":0.019146008417010309,"y":0.9802296757698059,"z":-0.12059347331523895,"w":0.15569347143173219},"size":22.0,"orthographic":false}