{"cameraMode":{"drawMode":0,"name":"Shaded","section":"Shading Mode"},"sceneLighting":false,"audioPlay":false,"sceneViewState":{"showFog":true,"showMaterialUpdate":false,"showSkybox":true,"showFlares":true,"showImageEffects":true,"showParticleSystems":true},"in2DMode":false,"pivot":{"x":10.579999923706055,"y":-0.11686572432518006,"z":-0.24696174263954163},"rotation":{"x":-0.11007415503263474,"y":0.881118893623352,"z":-0.25213703513145449,"w":-0.3846299350261688},"size":3.1026418209075929,"orthographic":false}