{"cameraMode":{"drawMode":0,"name":"Shaded","section":"Shading Mode"},"sceneLighting":false,"audioPlay":false,"sceneViewState":{"showFog":true,"showMaterialUpdate":false,"showSkybox":true,"showFlares":true,"showImageEffects":true,"showParticleSystems":true},"in2DMode":false,"pivot":{"x":-0.03403288125991821,"y":0.5957186222076416,"z":-0.10944265127182007},"rotation":{"x":0.0038902831729501487,"y":-0.09914242476224899,"z":0.000386538595193997,"w":0.9950656294822693},"size":4.666676998138428,"orthographic":false}